division,family,genus,specific_epithet,subspecific_epithet,common_name,scientific_name,author,year_of_publication
Angiosperm,,,,,,,,
Gymnosperm,,,,,,,,
Pteridophyte,,,,,,,,
,Acanthaceae,,,,,,,
,Acoraceae,,,,,,,
,Actinidiaceae,,,,,,,
,Aizoaceae,,,,,,,
,Alismataceae,,,,,,,
,Amaranthaceae,,,,,,,
,Amaryllidaceae,,,,,,,
,Anacardiaceae,,,,,,,
,Annonaceae,,,,,,,
,Apiaceae,,,,,,,
,Apocynaceae,,,,,,,
,Aquifoliaceae,,,,,,,
,Araceae,,,,,,,
,Araliaceae,,,,,,,
,Araucariaceae,,,,,,,
,Aristolochiaceae,,,,,,,
,Asparagaceae,,,,,,,
,Asphodelaceae,,,,,,,
,Aspleniaceae,,,,,,,
,Asteraceae,,,,,,,
,Balsaminaceae,,,,,,,
,Basellaceae,,,,,,,
,Begoniaceae,,,,,,,
,Berberidaceae,,,,,,,
,Betulaceae,,,,,,,
,Bignoniaceae,,,,,,,
,Bixaceae,,,,,,,
,Blechnaceae,,,,,,,
,Bombacaceae,,,,,,,
,Boraginaceae,,,,,,,
,Brassicaceae,,,,,,,
,Bromeliaceae,,,,,,,
,Burseraceae,,,,,,,
,Buxaceae,,,,,,,
,Cactaceae,,,,,,,
,Campanulaceae,,,,,,,
,Cannabaceae,,,,,,,
,Cannaceae,,,,,,,
,Capparaceae,,,,,,,
,Caprifoliaceae,,,,,,,
,Caricaceae,,,,,,,
,Caryophyllaceae,,,,,,,
,Casuarinaceae,,,,,,,
,Celastraceae,,,,,,,
,Chloranthaceae,,,,,,,
,Chrysobalanaceae,,,,,,,
,Clethraceae,,,,,,,
,Clusiaceae,,,,,,,
,Colchicaceae,,,,,,,
,Combretaceae,,,,,,,
,Commelinaceae,,,,,,,
,Connaraceae,,,,,,,
,Convolvulaceae,,,,,,,
,Coriariaceae,,,,,,,
,Cornaceae,,,,,,,
,Costaceae,,,,,,,
,Crassulaceae,,,,,,,
,Crypteroniaceae,,,,,,,
,Cucurbitaceae,,,,,,,
,Cunoniaceae,,,,,,,
,Cyatheaceae,,,,,,,
,Cycadaceae,,,,,,,
,Cyperaceae,,,,,,,
,Daphniphyllaceae,,,,,,,
,Davalliaceae,,,,,,,
,Dennstaedtiaceae,,,,,,,
,Dichapetalaceae,,,,,,,
,Dicksoniaceae,,,,,,,
,Dilleniaceae,,,,,,,
,Dioscoreaceae,,,,,,,
,Dipterocarpaceae,,,,,,,
,Droseraceae,,,,,,,
,Dryopteridaceae,,,,,,,
,Ebenaceae,,,,,,,
,Elaeagnaceae,,,,,,,
,Elaeocarpaceae,,,,,,,
,Elatinaceae,,,,,,,
,Equisetaceae,,,,,,,
,Ericaceae,,,,,,,
,Eriocaulaceae,,,,,,,
,Erythroxylaceae,,,,,,,
,Escalloniaceae,,,,,,,
,Euphorbiaceae,,,,,,,
,Fabaceae,,,,,,,
,Fagaceae,,,,,,,
,Flagellariaceae,,,,,,,
,Gentianaceae,,,,,,,
,Geraniaceae,,,,,,,
,Gesneriaceae,,,,,,,
,Gleicheniaceae,,,,,,,
,Goodeniaceae,,,,,,,
,Haemodoraceae,,,,,,,
,Haloragaceae,,,,,,,
,Hamamelidaceae,,,,,,,
,Heliconiaceae,,,,,,,
,Hernandiaceae,,,,,,,
,Hydrangeaceae,,,,,,,
,Hydrocharitaceae,,,,,,,
,Hypericaceae,,,,,,,
,Hypoxidaceae,,,,,,,
,Icacinaceae,,,,,,,
,Iridaceae,,,,,,,
,Irvingiaceae,,,,,,,
,Isoetaceae,,,,,,,
,Joinvilleaceae,,,,,,,
,Juglandaceae,,,,,,,
,Juncaceae,,,,,,,
,Lamiaceae,,,,,,,
,Lauraceae,,,,,,,
,Lecythidaceae,,,,,,,
,Liliaceae,,,,,,,
,Linaceae,,,,,,,
,Loganiaceae,,,,,,,
,Lomariopsidaceae,,,,,,,
,Loranthaceae,,,,,,,
,Lycopodiaceae,,,,,,,
,Lythraceae,,,,,,,
,Magnoliaceae,,,,,,,
,Malpighiaceae,,,,,,,
,Malvaceae,,,,,,,
,Marantaceae,,,,,,,
,Marattiaceae,,,,,,,
,Marsileaceae,,,,,,,
,Melastomataceae,,,,,,,
,Meliaceae,,,,,,,
,Menispermaceae,,,,,,,
,Menyanthaceae,,,,,,,
,Molluginaceae,,,,,,,
,Monimiaceae,,,,,,,
,Moraceae,,,,,,,
,Moringaceae,,,,,,,
,Musaceae,,,,,,,
,Myricaceae,,,,,,,
,Myristicaceae,,,,,,,
,Myrtaceae,,,,,,,
,Nelumbonaceae,,,,,,,
,Nepenthaceae,,,,,,,
,Nyctaginaceae,,,,,,,
,Nymphaeaceae,,,,,,,
,Ochnaceae,,,,,,,
,Olacaceae,,,,,,,
,Oleaceae,,,,,,,
,Oleandraceae,,,,,,,
,Onagraceae,,,,,,,
,Opiliaceae,,,,,,,
,Orchidaceae,,,,,,,
,Osmundaceae,,,,,,,
,Oxalidaceae,,,,,,,
,Pandaceae,,,,,,,
,Pandanaceae,,,,,,,
,Papaveraceae,,,,,,,
,Passifloraceae,,,,,,,
,Pedaliaceae,,,,,,,
,Phytolaccaceae,,,,,,,
,Pinaceae,,,,,,,
,Piperaceae,,,,,,,
,Pittosporaceae,,,,,,,
,Plantaginaceae,,,,,,,
,Plumbaginaceae,,,,,,,
,Poaceae,,,,,,,
,Podocarpaceae,,,,,,,
,Polygalaceae,,,,,,,
,Polygonaceae,,,,,,,
,Polypodiaceae,,,,,,,
,Pontederiaceae,,,,,,,
,Portulacaceae,,,,,,,
,Potamogetonaceae,,,,,,,
,Primulaceae,,,,,,,
,Proteaceae,,,,,,,
,Pteridaceae,,,,,,,
,Rafflesiaceae,,,,,,,
,Ranunculaceae,,,,,,,
,Resedaceae,,,,,,,
,Restionaceae,,,,,,,
,Rhamnaceae,,,,,,,
,Rhizophoraceae,,,,,,,
,Rosaceae,,,,,,,
,Rubiaceae,,,,,,,
,Rutaceae,,,,,,,
,Sabiaceae,,,,,,,
,Salicaceae,,,,,,,
,Salvadoraceae,,,,,,,
,Salviniaceae,,,,,,,
,Santalaceae,,,,,,,
,Sapindaceae,,,,,,,
,Sapotaceae,,,,,,,
,Saururaceae,,,,,,,
,Saxifragaceae,,,,,,,
,Schisandraceae,,,,,,,
,Schizaeaceae,,,,,,,
,Scrophulariaceae,,,,,,,
,Selaginellaceae,,,,,,,
,Simaroubaceae,,,,,,,
,Smilacaceae,,,,,,,
,Solanaceae,,,,,,,
,Staphyleaceae,,,,,,,
,Sterculiaceae,,,,,,,
,Strelitziaceae,,,,,,,
,Styracaceae,,,,,,,
,Surianaceae,,,,,,,
,Symplocaceae,,,,,,,
,Taccaceae,,,,,,,
,Taxaceae,,,,,,,
,Theaceae,,,,,,,
,Thelypteridaceae,,,,,,,
,Thymelaeaceae,,,,,,,
,Tropaeolaceae,,,,,,,
,Typhaceae,,,,,,,
,Urticaceae,,,,,,,
,Verbenaceae,,,,,,,
,Violaceae,,,,,,,
,Viscaceae,,,,,,,
,Vitaceae,,,,,,,
,Winteraceae,,,,,,,
,Xyridaceae,,,,,,,
,Zingiberaceae,,,,,,,
,Zygophyllaceae,,,,,,,
,,Abacopteris,,,,,,
,,Abdominea,,,,,,
,,Abelmoschus,,,,,,
,,Abildgaardia,,,,,,
,,Abrus,,,,,,
,,Abutilon,,,,,,
,,Acacia,,,,,,
,,Acaciella,,,,,,
,,Acalypha,,,,,,
,,Acampe,,,,,,
,,Acanthocereus,,,,,,
,,Acanthophippium,,,,,,
,,Acanthospermum,,,,,,
,,Acanthus,,,,,,
,,Acer,,,,,,
,,Achillea,,,,,,
,,Achyranthes,,,,,,
,,Achyrospermum,,,,,,
,,Ackama,,,,,,
,,Acmella,,,,,,
,,Acorus,,,,,,
,,Acranthera,,,,,,
,,Acriopsis,,,,,,
,,Acroceras,,,,,,
,,Acronychia,,,,,,
,,Acrosorus,,,,,,
,,Acrostichum,,,,,,
,,Acrothamnus,,,,,,
,,Actinodaphne,,,,,,
,,Actinoschoenus,,,,,,
,,Actinoscirpus,,,,,,
,,Actinostachys,,,,,,
,,Adansonia,,,,,,
,,Adelmeria,,,,,,
,,Adenanthera,,,,,,
,,Adenia,,,,,,
,,Adenium,,,,,,
,,Adenoncos,,,,,,
,,Adenosma,,,,,,
,,Adenostemma,,,,,,
,,Adiantum,,,,,,
,,Adina,,,,,,
,,Adinobotrys,,,,,,
,,Aegiceras,,,,,,
,,Aerides,,,,,,
,,Aeridostachya,,,,,,
,,Aeschynanthus,,,,,,
,,Aeschynomene,,,,,,
,,Afrohybanthus,,,,,,
,,Afzelia,,,,,,
,,Agalmyla,,,,,,
,,Aganope,,,,,,
,,Agathis,,,,,,
,,Agave,,,,,,
,,Agelaea,,,,,,
,,Ageratina,,,,,,
,,Ageratum,,,,,,
,,Aglaia,,,,,,
,,Aglaonema,,,,,,
,,Aglossorrhyncha,,,,,,
,,Agrostis,,,,,,
,,Agrostistachys,,,,,,
,,Agrostophyllum,,,,,,
,,Ahernia,,,,,,
,,Aidia,,,,,,
,,Ailanthus,,,,,,
,,Ainsliaea,,,,,,
,,Airyantha,,,,,,
,,Ajuga,,,,,,
,,Alangium,,,,,,
,,Albizia,,,,,,
,,Alcea,,,,,,
,,Alchornea,,,,,,
,,Alectryon,,,,,,
,,Aleurites,,,,,,
,,Aleuritopteris,,,,,,
,,Allaeanthus,,,,,,
,,Allamanda,,,,,,
,,Allium,,,,,,
,,Allmania,,,,,,
,,Allophylus,,,,,,
,,Alloteropsis,,,,,,
,,Alnus,,,,,,
,,Alocasia,,,,,,
,,Aloe,,,,,,
,,Alphitonia,,,,,,
,,Alphonsea,,,,,,
,,Alpinia,,,,,,
,,Alseodaphne,,,,,,
,,Alsomitra,,,,,,
,,Alsophila,,,,,,
,,Alstonia,,,,,,
,,Alternanthera,,,,,,
,,Alysicarpus,,,,,,
,,Alyxia,,,,,,
,,Amaracarpus,,,,,,
,,Amaranthus,,,,,,
,,Amaryllis,,,,,,
,,Amauropelta,,,,,,
,,Amblovenatum,,,,,,
,,Amblyanthopsis,,,,,,
,,Amesiella,,,,,,
,,Amherstia,,,,,,
,,Amischotolype,,,,,,
,,Ammannia,,,,,,
,,Amomum,,,,,,
,,Amorphophallus,,,,,,
,,Ampelocissus,,,,,,
,,Ampelopsis,,,,,,
,,Ampelopteris,,,,,,
,,Amphineurion,,,,,,
,,Amydrium,,,,,,
,,Amyema,,,,,,
,,Amylotheca,,,,,,
,,Anacardium,,,,,,
,,Anadendrum,,,,,,
,,Anamirta,,,,,,
,,Ananas,,,,,,
,,Anaphalis,,,,,,
,,Anaxagorea,,,,,,
,,Ancistrachne,,,,,,
,,Andrographis,,,,,,
,,Andropogon,,,,,,
,,Androsace,,,,,,
,,Anemone,,,,,,
,,Anerincleistus,,,,,,
,,Anethum,,,,,,
,,Angelesia,,,,,,
,,Angelonia,,,,,,
,,Angiopteris,,,,,,
,,Ania,,,,,,
,,Aniseia,,,,,,
,,Aniselytron,,,,,,
,,Anisomeles,,,,,,
,,Anisopappus,,,,,,
,,Anisoptera,,,,,,
,,Annona,,,,,,
,,Anodendron,,,,,,
,,Anoectochilus,,,,,,
,,Anredera,,,,,,
,,Antherostele,,,,,,
,,Anthocarapa,,,,,,
,,Anthoxanthum,,,,,,
,,Antiaris,,,,,,
,,Antigonon,,,,,,
,,Antrophyum,,,,,,
,,Aphanamixis,,,,,,
,,Aphananthe,,,,,,
,,Aphelandra,,,,,,
,,Aphyllorchis,,,,,,
,,Apium,,,,,,
,,Apluda,,,,,,
,,Apostasia,,,,,,
,,Appendicula,,,,,,
,,Aquilaria,,,,,,
,,Arachis,,,,,,
,,Arachniodes,,,,,,
,,Arachnis,,,,,,
,,Aralia,,,,,,
,,Araucaria,,,,,,
,,Arcangelisia,,,,,,
,,Archidendron,,,,,,
,,Ardisia,,,,,,
,,Arenaria,,,,,,
,,Argemone,,,,,,
,,Argentina,,,,,,
,,Argostemma,,,,,,
,,Arisaema,,,,,,
,,Aristida,,,,,,
,,Aristolochia,,,,,,
,,Arnicratea,,,,,,
,,Artabotrys,,,,,,
,,Artemisia,,,,,,
,,Arthraxon,,,,,,
,,Arthrobotrya,,,,,,
,,Artocarpus,,,,,,
,,Arundina,,,,,,
,,Arundinella,,,,,,
,,Arundo,,,,,,
,,Arytera,,,,,,
,,Ascarina,,,,,,
,,Asclepias,,,,,,
,,Asparagus,,,,,,
,,Aspidopterys,,,,,,
,,Asplenium,,,,,,
,,Aster,,,,,,
,,Asthenochloa,,,,,,
,,Astilbe,,,,,,
,,Astrocalyx,,,,,,
,,Astronia,,,,,,
,,Astrothalamus,,,,,,
,,Asystasia,,,,,,
,,Atalantia,,,,,,
,,Atractocarpus,,,,,,
,,Atuna,,,,,,
,,Austroeupatorium,,,,,,
,,Austrogramme,,,,,,
,,Avena,,,,,,
,,Avenella,,,,,,
,,Averrhoa,,,,,,
,,Avicennia,,,,,,
,,Axonopus,,,,,,
,,Ayapana,,,,,,
,,Azadirachta,,,,,,
,,Azanza,,,,,,
,,Azima,,,,,,
,,Azolla,,,,,,
,,Bacopa,,,,,,
,,Badusa,,,,,,
,,Balakata,,,,,,
,,Bambusa,,,,,,
,,Barleria,,,,,,
,,Barringtonia,,,,,,
,,Basella,,,,,,
,,Basilicum,,,,,,
,,Bauhinia,,,,,,
,,Beaumontia,,,,,,
,,Beccarianthus,,,,,,
,,Begonia,,,,,,
,,Beilschmiedia,,,,,,
,,Benincasa,,,,,,
,,Benkara,,,,,,
,,Benstonea,,,,,,
,,Berberis,,,,,,
,,Berchemia,,,,,,
,,Bergia,,,,,,
,,Bhesa,,,,,,
,,Biancaea,,,,,,
,,Bidens,,,,,,
,,Bikkia,,,,,,
,,Biophytum,,,,,,
,,Bixa,,,,,,
,,Blachia,,,,,,
,,Blechnum,,,,,,
,,Blepharoglossum,,,,,,
,,Blumea,,,,,,
,,Blumeodendron,,,,,,
,,Blutaparon,,,,,,
,,Blyxa,,,,,,
,,Boehmeria,,,,,,
,,Boenninghausenia,,,,,,
,,Boerhavia,,,,,,
,,Boesenbergia,,,,,,
,,Bogoria,,,,,,
,,Boholia,,,,,,
,,Bolbitis,,,,,,
,,Bolboschoenus,,,,,,
,,Bombax,,,,,,
,,Bonamia,,,,,,
,,Bosmania,,,,,,
,,Bothriochloa,,,,,,
,,Bothriospermum,,,,,,
,,Bougainvillea,,,,,,
,,Brachypeza,,,,,,
,,Brachypodium,,,,,,
,,Brachypterum,,,,,,
,,Brackenridgea,,,,,,
,,Brassica,,,,,,
,,Bromheadia,,,,,,
,,Bromus,,,,,,
,,Broussonetia,,,,,,
,,Brownea,,,,,,
,,Brucea,,,,,,
,,Brugmansia,,,,,,
,,Bruguiera,,,,,,
,,Bruinsmia,,,,,,
,,Brunfelsia,,,,,,
,,Bryobium,,,,,,
,,Buchanania,,,,,,
,,Buddleja,,,,,,
,,Bulbophyllum,,,,,,
,,Bulbostylis,,,,,,
,,Burbidgea,,,,,,
,,Buxus,,,,,,
,,Bythophyton,,,,,,
,,Caesalpinia,,,,,,
,,Cajanus,,,,,,
,,Caladium,,,,,,
,,Calamagrostis,,,,,,
,,Calanthe,,,,,,
,,Calciphilopteris,,,,,,
,,Calliandra,,,,,,
,,Callicarpa,,,,,,
,,Calligrammitis,,,,,,
,,Calochlaena,,,,,,
,,Calopogonium,,,,,,
,,Calotropis,,,,,,
,,Calymmodon,,,,,,
,,Camellia,,,,,,
,,Camonea,,,,,,
,,Campnosperma,,,,,,
,,Camptostemon,,,,,,
,,Campylospermum,,,,,,
,,Cananga,,,,,,
,,Canarium,,,,,,
,,Canavalia,,,,,,
,,Canna,,,,,,
,,Cannabis,,,,,,
,,Canscora,,,,,,
,,Cansjera,,,,,,
,,Canthium,,,,,,
,,Cantinoa,,,,,,
,,Caperonia,,,,,,
,,Capillipedium,,,,,,
,,Capparis,,,,,,
,,Capsella,,,,,,
,,Capsicum,,,,,,
,,Carallia,,,,,,
,,Cardamine,,,,,,
,,Cardiospermum,,,,,,
,,Carex,,,,,,
,,Carica,,,,,,
,,Carissa,,,,,,
,,Carpesium,,,,,,
,,Carruthersia,,,,,,
,,Carthamus,,,,,,
,,Caryodaphnopsis,,,,,,
,,Cascabela,,,,,,
,,Casearia,,,,,,
,,Cassia,,,,,,
,,Cassytha,,,,,,
,,Castanea,,,,,,
,,Castanopsis,,,,,,
,,Castilla,,,,,,
,,Casuarina,,,,,,
,,Catalpa,,,,,,
,,Catanthera,,,,,,
,,Catharanthus,,,,,,
,,Causonis,,,,,,
,,Cavanillesia,,,,,,
,,Cayratia,,,,,,
,,Cecarria,,,,,,
,,Cecropia,,,,,,
,,Cedrela,,,,,,
,,Ceiba,,,,,,
,,Celastrus,,,,,,
,,Celosia,,,,,,
,,Celtis,,,,,,
,,Cenchrus,,,,,,
,,Centella,,,,,,
,,Centipeda,,,,,,
,,Centotheca,,,,,,
,,Centratherum,,,,,,
,,Centrolepis,,,,,,
,,Centrosema,,,,,,
,,Ceodes,,,,,,
,,Cephalostachyum,,,,,,
,,Cerastium,,,,,,
,,Ceratocentron,,,,,,
,,Ceratopteris,,,,,,
,,Ceratostylis,,,,,,
,,Cerbera,,,,,,
,,Cereus,,,,,,
,,Ceriops,,,,,,
,,Ceriscoides,,,,,,
,,Ceropegia,,,,,,
,,Cestichis,,,,,,
,,Cestrum,,,,,,
,,Ceuthostoma,,,,,,
,,Chamabainia,,,,,,
,,Chamaeanthus,,,,,,
,,Chamaecrista,,,,,,
,,Champereia,,,,,,
,,Chassalia,,,,,,
,,Cheilanthes,,,,,,
,,Cheilosa,,,,,,
,,Cheirostylis,,,,,,
,,Chelonistele,,,,,,
,,Chenopodium,,,,,,
,,Chewlunia,,,,,,
,,Chilocarpus,,,,,,
,,Chiloschista,,,,,,
,,Chingia,,,,,,
,,Chionachne,,,,,,
,,Chionanthus,,,,,,
,,Chisocheton,,,,,,
,,Chloranthus,,,,,,
,,Chloris,,,,,,
,,Chonemorpha,,,,,,
,,Christella,,,,,,
,,Christensenia,,,,,,
,,Christia,,,,,,
,,Chromolaena,,,,,,
,,Chrysanthemum,,,,,,
,,Chrysobalanus,,,,,,
,,Chrysoglossum,,,,,,
,,Chrysogrammitis,,,,,,
,,Chrysophyllum,,,,,,
,,Chrysopogon,,,,,,
,,Chrysothemis,,,,,,
,,Cinnamomum,,,,,,
,,Cionisaccus,,,,,,
,,Cipadessa,,,,,,
,,Cirsium,,,,,,
,,Cissampelos,,,,,,
,,Cissus,,,,,,
,,Citharexylum,,,,,,
,,Citrullus,,,,,,
,,Citrus,,,,,,
,,Claderia,,,,,,
,,Cladium,,,,,,
,,Cladogynos,,,,,,
,,Claoxylon,,,,,,
,,Clausena,,,,,,
,,Cleidion,,,,,,
,,Cleisostoma,,,,,,
,,Clematis,,,,,,
,,Clerodendrum,,,,,,
,,Clethra,,,,,,
,,Clinopodium,,,,,,
,,Clitoria,,,,,,
,,Cnesmone,,,,,,
,,Cnestis,,,,,,
,,Cnidoscolus,,,,,,
,,Coccinia,,,,,,
,,Coccoloba,,,,,,
,,Cocculus,,,,,,
,,Cochlospermum,,,,,,
,,Codariocalyx,,,,,,
,,Codiaeum,,,,,,
,,Codonoboea,,,,,,
,,Coelachne,,,,,,
,,Coelogyne,,,,,,
,,Coelospermum,,,,,,
,,Coffea,,,,,,
,,Coix,,,,,,
,,Coleus,,,,,,
,,Collabium,,,,,,
,,Colocasia,,,,,,
,,Colubrina,,,,,,
,,Combretum,,,,,,
,,Commelina,,,,,,
,,Congea,,,,,,
,,Coniogramme,,,,,,
,,Connarus,,,,,,
,,Coptosapelta,,,,,,
,,Cordyline,,,,,,
,,Cordyloblaste,,,,,,
,,Coreopsis,,,,,,
,,Coriandrum,,,,,,
,,Coriaria,,,,,,
,,Cortaderia,,,,,,
,,Corybas,,,,,,
,,Corymbia,,,,,,
,,Corymborkis,,,,,,
,,Coryphopteris,,,,,,
,,Cosmos,,,,,,
,,Cosmostigma,,,,,,
,,Costera,,,,,,
,,Cotula,,,,,,
,,Cowiea,,,,,,
,,Crassocephalum,,,,,,
,,Crateva,,,,,,
,,Cratoxylum,,,,,,
,,Cravenia,,,,,,
,,Creochiton,,,,,,
,,Crepidiastrum,,,,,,
,,Crepidium,,,,,,
,,Crescentia,,,,,,
,,Crinum,,,,,,
,,Crocosmia,,,,,,
,,Crossostephium,,,,,,
,,Crotalaria,,,,,,
,,Croton,,,,,,
,,Crudia,,,,,,
,,Crypteronia,,,,,,
,,Cryptocarya,,,,,,
,,Cryptocoryne,,,,,,
,,Cryptolepis,,,,,,
,,Cryptostegia,,,,,,
,,Cryptostylis,,,,,,
,,Ctenitis,,,,,,
,,Ctenopterella,,,,,,
,,Cubilia,,,,,,
,,Cucumis,,,,,,
,,Cucurbita,,,,,,
,,Cullen,,,,,,
,,Cuphea,,,,,,
,,Curculigo,,,,,,
,,Curcuma,,,,,,
,,Cuscuta,,,,,,
,,Cyanotis,,,,,,
,,Cyanthillium,,,,,,
,,Cyathocalyx,,,,,,
,,Cyathula,,,,,,
,,Cycas,,,,,,
,,Cyclea,,,,,,
,,Cyclocodon,,,,,,
,,Cyclogramma,,,,,,
,,Cyclopeltis,,,,,,
,,Cyclosorus,,,,,,
,,Cyclospermum,,,,,,
,,Cylindrolobus,,,,,,
,,Cymaria,,,,,,
,,Cymbidium,,,,,,
,,Cymboglossum,,,,,,
,,Cymbopogon,,,,,,
,,Cynanchum,,,,,,
,,Cyne,,,,,,
,,Cynodon,,,,,,
,,Cynoglossum,,,,,,
,,Cynometra,,,,,,
,,Cyperus,,,,,,
,,Cypholophus,,,,,,
,,Cyrtandra,,,,,,
,,Cyrtochloa,,,,,,
,,Cyrtococcum,,,,,,
,,Cyrtomium,,,,,,
,,Cyrtophyllum,,,,,,
,,Cyrtosia,,,,,,
,,Cyrtosperma,,,,,,
,,Cystorchis,,,,,,
,,Dacrycarpus,,,,,,
,,Dacrydium,,,,,,
,,Dacryodes,,,,,,
,,Dactyloctenium,,,,,,
,,Dalbergia,,,,,,
,,Dalea,,,,,,
,,Damnacanthus,,,,,,
,,Daphne,,,,,,
,,Daphniphyllum,,,,,,
,,Dasygrammitis,,,,,,
,,Dasymaschalon,,,,,,
,,Datura,,,,,,
,,Daucus,,,,,,
,,Davallia,,,,,,
,,Davallodes,,,,,,
,,Debia,,,,,,
,,Debregeasia,,,,,,
,,Decaisnina,,,,,,
,,Decalobanthus,,,,,,
,,Decaneuropsis,,,,,,
,,Decaspermum,,,,,,
,,Deeringia,,,,,,
,,Dehaasia,,,,,,
,,Delonix,,,,,,
,,Dendrobium,,,,,,
,,Dendrocalamus,,,,,,
,,Dendrochilum,,,,,,
,,Dendrocnide,,,,,,
,,Dendroconche,,,,,,
,,Dendrolirium,,,,,,
,,Dendrolobium,,,,,,
,,Dendrolycopodium,,,,,,
,,Dendrophthoe,,,,,,
,,Dennstaedtia,,,,,,
,,Dentella,,,,,,
,,Derris,,,,,,
,,Desmodium,,,,,,
,,Desmos,,,,,,
,,Deutzia,,,,,,
,,Dianella,,,,,,
,,Dianthus,,,,,,
,,Dibridsonia,,,,,,
,,Dichanthium,,,,,,
,,Dichapetalum,,,,,,
,,Dichondra,,,,,,
,,Dichorisandra,,,,,,
,,Dichrocephala,,,,,,
,,Dicksonia,,,,,,
,,Dicliptera,,,,,,
,,Dicranopteris,,,,,,
,,Dictyoneura,,,,,,
,,Didymocheton,,,,,,
,,Didymoplexiella,,,,,,
,,Didymoplexis,,,,,,
,,Diectomis,,,,,,
,,Dieffenbachia,,,,,,
,,Dienia,,,,,,
,,Digera,,,,,,
,,Digitalis,,,,,,
,,Digitaria,,,,,,
,,Diglyphosa,,,,,,
,,Dillenia,,,,,,
,,Dilochia,,,,,,
,,Dimeria,,,,,,
,,Dimetia,,,,,,
,,Dimocarpus,,,,,,
,,Dimorphanthera,,,,,,
,,Dimorphocalyx,,,,,,
,,Dimorphorchis,,,,,,
,,Dinebra,,,,,,
,,Dinochloa,,,,,,
,,Dioscorea,,,,,,
,,Diospyros,,,,,,
,,Diphasiastrum,,,,,,
,,Diphasium,,,,,,
,,Diplachne,,,,,,
,,Diplacrum,,,,,,
,,Diplectria,,,,,,
,,Diploclisia,,,,,,
,,Diplocyclos,,,,,,
,,Diploknema,,,,,,
,,Diplopterygium,,,,,,
,,Diplospora,,,,,,
,,Dipodium,,,,,,
,,Dipterocarpus,,,,,,
,,Dischidia,,,,,,
,,Discocalyx,,,,,,
,,Discospermum,,,,,,
,,Disperis,,,,,,
,,Disporopsis,,,,,,
,,Dissochaeta,,,,,,
,,Distimake,,,,,,
,,Distyliopsis,,,,,,
,,Dodonaea,,,,,,
,,Dolichandra,,,,,,
,,Dolichandrone,,,,,,
,,Dolicholobium,,,,,,
,,Dolichos,,,,,,
,,Donax,,,,,,
,,Donella,,,,,,
,,Dopatrium,,,,,,
,,Dorcoceras,,,,,,
,,Doryopteris,,,,,,
,,Doryxylon,,,,,,
,,Dracaena,,,,,,
,,Dracontomelon,,,,,,
,,Drepananthus,,,,,,
,,Drosera,,,,,,
,,Drymaria,,,,,,
,,Drynaria,,,,,,
,,Dryopteris,,,,,,
,,Duabanga,,,,,,
,,Dumasia,,,,,,
,,Dunbaria,,,,,,
,,Duranta,,,,,,
,,Dysolobium,,,,,,
,,Dysoxylum,,,,,,
,,Dysphania,,,,,,
,,Echinochloa,,,,,,
,,Eclipta,,,,,,
,,Ehrharta,,,,,,
,,Elaeagnus,,,,,,
,,Elaeocarpus,,,,,,
,,Elaeodendron,,,,,,
,,Elaphoglossum,,,,,,
,,Elatostema,,,,,,
,,Elatostematoides,,,,,,
,,Elattostachys,,,,,,
,,Eleocharis,,,,,,
,,Elephantopus,,,,,,
,,Eleusine,,,,,,
,,Eleutheranthera,,,,,,
,,Eleutherine,,,,,,
,,Eleutherococcus,,,,,,
,,Ellipanthus,,,,,,
,,Ellisiophyllum,,,,,,
,,Elodea,,,,,,
,,Elytraria,,,,,,
,,Embelia,,,,,,
,,Embolanthera,,,,,,
,,Emilia,,,,,,
,,Endiandra,,,,,,
,,Endocomia,,,,,,
,,Endosamara,,,,,,
,,Endospermum,,,,,,
,,Engelhardia,,,,,,
,,Enhalus,,,,,,
,,Enkleia,,,,,,
,,Ensete,,,,,,
,,Entada,,,,,,
,,Enterolobium,,,,,,
,,Enteropogon,,,,,,
,,Enydra,,,,,,
,,Epiblastus,,,,,,
,,Epicharis,,,,,,
,,Epidendrum,,,,,,
,,Epigeneium,,,,,,
,,Epilobium,,,,,,
,,Epiphyllum,,,,,,
,,Epipogium,,,,,,
,,Epipremnum,,,,,,
,,Epirixanthes,,,,,,
,,Episcia,,,,,,
,,Epithema,,,,,,
,,Equisetum,,,,,,
,,Eragrostis,,,,,,
,,Erechtites,,,,,,
,,Eremochloa,,,,,,
,,Eria,,,,,,
,,Eriachne,,,,,,
,,Erigeron,,,,,,
,,Eriocaulon,,,,,,
,,Eriochloa,,,,,,
,,Eriosema,,,,,,
,,Erodium,,,,,,
,,Erycibe,,,,,,
,,Eryngium,,,,,,
,,Erythrina,,,,,,
,,Erythrodes,,,,,,
,,Erythrorchis,,,,,,
,,Erythroxylum,,,,,,
,,Eschenbachia,,,,,,
,,Ethulia,,,,,,
,,Etlingera,,,,,,
,,Eucalyptus,,,,,,
,,Eucharis,,,,,,
,,Euchiton,,,,,,
,,Euchresta,,,,,,
,,Eucosia,,,,,,
,,Eugenia,,,,,,
,,Eulalia,,,,,,
,,Eulaliopsis,,,,,,
,,Eulophia,,,,,,
,,Eumachia,,,,,,
,,Euonymus,,,,,,
,,Eupatorium,,,,,,
,,Euphorbia,,,,,,
,,Euphorianthus,,,,,,
,,Eurycoma,,,,,,
,,Eusideroxylon,,,,,,
,,Eustachys,,,,,,
,,Euthemis,,,,,,
,,Evolvulus,,,,,,
,,Exacum,,,,,,
,,Exallage,,,,,,
,,Excoecaria,,,,,,
,,Exocarpos,,,,,,
,,Fagraea,,,,,,
,,Falcataria,,,,,,
,,Falcatifolium,,,,,,
,,Fallopia,,,,,,
,,Fatoua,,,,,,
,,Fenixia,,,,,,
,,Festuca,,,,,,
,,Fibraurea,,,,,,
,,Ficus,,,,,,
,,Fimbribambusa,,,,,,
,,Fimbristylis,,,,,,
,,Finlaysonia,,,,,,
,,Firmiana,,,,,,
,,Fissistigma,,,,,,
,,Flacourtia,,,,,,
,,Flagellaria,,,,,,
,,Flemingia,,,,,,
,,Floscopa,,,,,,
,,Foeniculum,,,,,,
,,Fragaria,,,,,,
,,Fraxinus,,,,,,
,,Freycinetia,,,,,,
,,Fridericia,,,,,,
,,Friesodielsia,,,,,,
,,Fuchsia,,,,,,
,,Fuirena,,,,,,
,,Gahnia,,,,,,
,,Galactia,,,,,,
,,Galearia,,,,,,
,,Galeola,,,,,,
,,Galinsoga,,,,,,
,,Galium,,,,,,
,,Galphimia,,,,,,
,,Ganophyllum,,,,,,
,,Garcinia,,,,,,
,,Gardenia,,,,,,
,,Garnotia,,,,,,
,,Garuga,,,,,,
,,Gastrochilus,,,,,,
,,Gastrodia,,,,,,
,,Gaultheria,,,,,,
,,Geniostoma,,,,,,
,,Gentiana,,,,,,
,,Geocharis,,,,,,
,,Geophila,,,,,,
,,Geosiris,,,,,,
,,Gigantochloa,,,,,,
,,Gigasiphon,,,,,,
,,Ginalloa,,,,,,
,,Girardinia,,,,,,
,,Gironniera,,,,,,
,,Gladiolus,,,,,,
,,Glebionis,,,,,,
,,Gleditsia,,,,,,
,,Gleichenia,,,,,,
,,Glenniea,,,,,,
,,Glinus,,,,,,
,,Gliricidia,,,,,,
,,Globba,,,,,,
,,Gloeocarpus,,,,,,
,,Glomera,,,,,,
,,Gloriosa,,,,,,
,,Glossocardia,,,,,,
,,Gloxinia,,,,,,
,,Glycine,,,,,,
,,Glycosmis,,,,,,
,,Glyptopetalum,,,,,,
,,Gmelina,,,,,,
,,Gomphocarpus,,,,,,
,,Gomphostemma,,,,,,
,,Gomphrena,,,,,,
,,Gonatopus,,,,,,
,,Gongronemopsis,,,,,,
,,Gongrospermum,,,,,,
,,Goniocheton,,,,,,
,,Goniophlebium,,,,,,
,,Goniothalamus,,,,,,
,,Gonocarpus,,,,,,
,,Gonystylus,,,,,,
,,Goodenia,,,,,,
,,Goodyera,,,,,,
,,Gossypium,,,,,,
,,Gouania,,,,,,
,,Grammatophyllum,,,,,,
,,Grangea,,,,,,
,,Graptophyllum,,,,,,
,,Greeniopsis,,,,,,
,,Grevillea,,,,,,
,,Grona,,,,,,
,,Grosourdya,,,,,,
,,Grypothrix,,,,,,
,,Guettarda,,,,,,
,,Guettardella,,,,,,
,,Guilandina,,,,,,
,,Guioa,,,,,,
,,Gymnacranthera,,,,,,
,,Gymnanthera,,,,,,
,,Gymnema,,,,,,
,,Gymnosporia,,,,,,
,,Gymnostachyum,,,,,,
,,Gymnostoma,,,,,,
,,Gynochthodes,,,,,,
,,Gynostemma,,,,,,
,,Gynotroches,,,,,,
,,Gynura,,,,,,
,,Gypsophila,,,,,,
,,Gyrocarpus,,,,,,
,,Habenaria,,,,,,
,,Hackelochloa,,,,,,
,,Haematocarpus,,,,,,
,,Haematoxylum,,,,,,
,,Halophila,,,,,,
,,Hancea,,,,,,
,,Handroanthus,,,,,,
,,Hanslia,,,,,,
,,Haplopteris,,,,,,
,,Harpullia,,,,,,
,,Harrisonia,,,,,,
,,Hayata,,,,,,
,,Hedychium,,,,,,
,,Hedyosmum,,,,,,
,,Hedyotis,,,,,,
,,Hedysarum,,,,,,
,,Helianthus,,,,,,
,,Helicia,,,,,,
,,Heliciopsis,,,,,,
,,Heliconia,,,,,,
,,Helixanthera,,,,,,
,,Hellenia,,,,,,
,,Hellwigia,,,,,,
,,Hemigraphis,,,,,,
,,Hemiphragma,,,,,,
,,Heptapleurum,,,,,,
,,Heritiera,,,,,,
,,Herminium,,,,,,
,,Hernandia,,,,,,
,,Hetaeria,,,,,,
,,Heteropogon,,,,,,
,,Heterostemma,,,,,,
,,Heterotis,,,,,,
,,Hevea,,,,,,
,,Hewittia,,,,,,
,,Heynea,,,,,,
,,Hibiscus,,,,,,
,,Hildegardia,,,,,,
,,Hippeastrum,,,,,,
,,Hippobroma,,,,,,
,,Hiptage,,,,,,
,,Histiopteris,,,,,,
,,Holarrhena,,,,,,
,,Holcus,,,,,,
,,Holmskioldia,,,,,,
,,Homalanthus,,,,,,
,,Homalium,,,,,,
,,Homalomena,,,,,,
,,Homonoia,,,,,,
,,Hopea,,,,,,
,,Hoppea,,,,,,
,,Hornstedtia,,,,,,
,,Horsfieldia,,,,,,
,,Hoya,,,,,,
,,Huberantha,,,,,,
,,Huperzia,,,,,,
,,Hura,,,,,,
,,Hydnophytum,,,,,,
,,Hydrangea,,,,,,
,,Hydrilla,,,,,,
,,Hydrocharis,,,,,,
,,Hydrocleys,,,,,,
,,Hydrocotyle,,,,,,
,,Hygrophila,,,,,,
,,Hylodesmum,,,,,,
,,Hylophila,,,,,,
,,Hymenachne,,,,,,
,,Hymenaea,,,,,,
,,Hymenasplenium,,,,,,
,,Hymenocallis,,,,,,
,,Hymenodictyon,,,,,,
,,Hymenorchis,,,,,,
,,Hyparrhenia,,,,,,
,,Hypericum,,,,,,
,,Hypobathrum,,,,,,
,,Hypoestes,,,,,,
,,Hypolepis,,,,,,
,,Hypolytrum,,,,,,
,,Hypoxis,,,,,,
,,Hypserpa,,,,,,
,,Hyptis,,,,,,
,,Ichnanthus,,,,,,
,,Ichnocarpus,,,,,,
,,Ilex,,,,,,
,,Illicium,,,,,,
,,Illigera,,,,,,
,,Impatiens,,,,,,
,,Imperata,,,,,,
,,Indigofera,,,,,,
,,Inga,,,,,,
,,Inocarpus,,,,,,
,,Intsia,,,,,,
,,Involucrella,,,,,,
,,Iodes,,,,,,
,,Iphigenia,,,,,,
,,Ipomoea,,,,,,
,,Iresine,,,,,,
,,Iris,,,,,,
,,Irvingia,,,,,,
,,Isachne,,,,,,
,,Ischaemum,,,,,,
,,Isodon,,,,,,
,,Isoetes,,,,,,
,,Isoglossa,,,,,,
,,Isolepis,,,,,,
,,Ixeridium,,,,,,
,,Ixeris,,,,,,
,,Ixora,,,,,,
,,Jacaranda,,,,,,
,,Jacquemontia,,,,,,
,,Jasminum,,,,,,
,,Jatropha,,,,,,
,,Joinvillea,,,,,,
,,Juncus,,,,,,
,,Justicia,,,,,,
,,Kadsura,,,,,,
,,Kaempferia,,,,,,
,,Kalanchoe,,,,,,
,,Kanapia,,,,,,
,,Kandelia,,,,,,
,,Kania,,,,,,
,,Kibara,,,,,,
,,Kibatalia,,,,,,
,,Kigelia,,,,,,
,,Knema,,,,,,
,,Knoxia,,,,,,
,,Kokoona,,,,,,
,,Kolowratia,,,,,,
,,Koompassia,,,,,,
,,Koordersiochloa,,,,,,
,,Koordersiodendron,,,,,,
,,Kopsia,,,,,,
,,Korthalsella,,,,,,
,,Kosteletzkya,,,,,,
,,Kostermanthus,,,,,,
,,Kunstleria,,,,,,
,,Labisia,,,,,,
,,Lablab,,,,,,
,,Lactuca,,,,,,
,,Lagenaria,,,,,,
,,Lagenophora,,,,,,
,,Lagerstroemia,,,,,,
,,Laggera,,,,,,
,,Landoltia,,,,,,
,,Languas,,,,,,
,,Lansium,,,,,,
,,Lantana,,,,,,
,,Laphangium,,,,,,
,,Laportea,,,,,,
,,Lasianthus,,,,,,
,,Lasiococca,,,,,,
,,Lastreopsis,,,,,,
,,Lateristachys,,,,,,
,,Lathyrus,,,,,,
,,Lawsonia,,,,,,
,,Lecanopteris,,,,,,
,,Lecanorchis,,,,,,
,,Lecanthus,,,,,,
,,Ledebouria,,,,,,
,,Leea,,,,,,
,,Leersia,,,,,,
,,Legnephora,,,,,,
,,Lemna,,,,,,
,,Leonotis,,,,,,
,,Leonurus,,,,,,
,,Lepeostegeres,,,,,,
,,Lepidagathis,,,,,,
,,Lepidaria,,,,,,
,,Lepidium,,,,,,
,,Lepidogyne,,,,,,
,,Lepidopetalum,,,,,,
,,Lepiniopsis,,,,,,
,,Lepironia,,,,,,
,,Lepisanthes,,,,,,
,,Lepisorus,,,,,,
,,Leptaspis,,,,,,
,,Leptatherum,,,,,,
,,Leptochilus,,,,,,
,,Leptodesmia,,,,,,
,,Leptogramma,,,,,,
,,Leptopetalum,,,,,,
,,Leptosolena,,,,,,
,,Leptospermum,,,,,,
,,Leptospron,,,,,,
,,Lepturus,,,,,,
,,Lespedeza,,,,,,
,,Leucaena,,,,,,
,,Leucas,,,,,,
,,Leucocasia,,,,,,
,,Leucosyke,,,,,,
,,Leuenbergeria,,,,,,
,,Ligustrum,,,,,,
,,Lijndenia,,,,,,
,,Lilium,,,,,,
,,Limacia,,,,,,
,,Limnocharis,,,,,,
,,Limnophila,,,,,,
,,Limonium,,,,,,
,,Lindera,,,,,,
,,Lipandra,,,,,,
,,Liparis,,,,,,
,,Lipoblepharis,,,,,,
,,Liriope,,,,,,
,,Litchi,,,,,,
,,Lithocarpus,,,,,,
,,Litsea,,,,,,
,,Lobelia,,,,,,
,,Loeseneriella,,,,,,
,,Loheria,,,,,,
,,Lolium,,,,,,
,,Lomagramma,,,,,,
,,Lomariopsis,,,,,,
,,Lonicera,,,,,,
,,Lophatherum,,,,,,
,,Lophopetalum,,,,,,
,,Loxogramme,,,,,,
,,Ludekia,,,,,,
,,Ludisia,,,,,,
,,Ludwigia,,,,,,
,,Luffa,,,,,,
,,Luisia,,,,,,
,,Lumnitzera,,,,,,
,,Lunasia,,,,,,
,,Luvunga,,,,,,
,,Luzula,,,,,,
,,Lycianthes,,,,,,
,,Lycopodiastrum,,,,,,
,,Lycopodium,,,,,,
,,Lysimachia,,,,,,
,,Lysiphyllum,,,,,,
,,Maasia,,,,,,
,,Macaranga,,,,,,
,,Machaerina,,,,,,
,,Machilus,,,,,,
,,Mackinlaya,,,,,,
,,Maclura,,,,,,
,,Maclurodendron,,,,,,
,,Macodes,,,,,,
,,Macropodanthus,,,,,,
,,Macropsychanthus,,,,,,
,,Macroptilium,,,,,,
,,Macrosolen,,,,,,
,,Macrothelypteris,,,,,,
,,Macrotyloma,,,,,,
,,Madhuca,,,,,,
,,Maesa,,,,,,
,,Maesopsis,,,,,,
,,Magnolia,,,,,,
,,Malachra,,,,,,
,,Malaisia,,,,,,
,,Malaxis,,,,,,
,,Mallotus,,,,,,
,,Malpighia,,,,,,
,,Malus,,,,,,
,,Malvastrum,,,,,,
,,Malvaviscus,,,,,,
,,Mangifera,,,,,,
,,Manihot,,,,,,
,,Manilkara,,,,,,
,,Mansoa,,,,,,
,,Maoutia,,,,,,
,,Mapania,,,,,,
,,Maranta,,,,,,
,,Maranthes,,,,,,
,,Marsdenia,,,,,,
,,Marsilea,,,,,,
,,Marsypopetalum,,,,,,
,,Matthaea,,,,,,
,,Medicago,,,,,,
,,Medinilla,,,,,,
,,Megaskepasma,,,,,,
,,Megathyrsus,,,,,,
,,Megistostigma,,,,,,
,,Meiogyne,,,,,,
,,Meistera,,,,,,
,,Melampodium,,,,,,
,,Melanolepis,,,,,,
,,Melastoma,,,,,,
,,Melia,,,,,,
,,Melicope,,,,,,
,,Melientha,,,,,,
,,Melilotus,,,,,,
,,Melinis,,,,,,
,,Meliosma,,,,,,
,,Melodinus,,,,,,
,,Melothria,,,,,,
,,Memecylon,,,,,,
,,Menisciopsis,,,,,,
,,Mentha,,,,,,
,,Merope,,,,,,
,,Merremia,,,,,,
,,Merrilliodendron,,,,,,
,,Mesophlebion,,,,,,
,,Mesopteris,,,,,,
,,Mesosphaerum,,,,,,
,,Metathelypteris,,,,,,
,,Metrosideros,,,,,,
,,Mezoneuron,,,,,,
,,Mickelopteris,,,,,,
,,Miconia,,,,,,
,,Micrechites,,,,,,
,,Microchloa,,,,,,
,,Microdesmis,,,,,,
,,Microglossa,,,,,,
,,Microlepia,,,,,,
,,Micromelum,,,,,,
,,Micropera,,,,,,
,,Micropolypodium,,,,,,
,,Microrphium,,,,,,
,,Microsaccus,,,,,,
,,Microsorum,,,,,,
,,Microstegium,,,,,,
,,Microtis,,,,,,
,,Microtropis,,,,,,
,,Mikania,,,,,,
,,Miliusa,,,,,,
,,Mimosa,,,,,,
,,Mimusops,,,,,,
,,Miquelia,,,,,,
,,Mirabilis,,,,,,
,,Miscanthus,,,,,,
,,Mischocarpus,,,,,,
,,Mitracarpus,,,,,,
,,Mitragyna,,,,,,
,,Mitrasacme,,,,,,
,,Mitrella,,,,,,
,,Mitreola,,,,,,
,,Mitrephora,,,,,,
,,Mnesithea,,,,,,
,,Modiola,,,,,,
,,Momordica,,,,,,
,,Monachosorum,,,,,,
,,Monarthrocarpus,,,,,,
,,Monoon,,,,,,
,,Monophyllaea,,,,,,
,,Morella,,,,,,
,,Morinda,,,,,,
,,Moringa,,,,,,
,,Morus,,,,,,
,,Mosla,,,,,,
,,Moultonianthus,,,,,,
,,Mucuna,,,,,,
,,Muehlenbeckia,,,,,,
,,Muhlenbergia,,,,,,
,,Munronia,,,,,,
,,Murdannia,,,,,,
,,Murraya,,,,,,
,,Musa,,,,,,
,,Musanga,,,,,,
,,Mussaenda,,,,,,
,,Mycaranthes,,,,,,
,,Mycetia,,,,,,
,,Myriactis,,,,,,
,,Myriophyllum,,,,,,
,,Myristica,,,,,,
,,Myrmecodia,,,,,,
,,Myrmeconauclea,,,,,,
,,Myrmephytum,,,,,,
,,Myrsine,,,,,,
,,Myxopyrum,,,,,,
,,Nageia,,,,,,
,,Najas,,,,,,
,,Nasturtium,,,,,,
,,Nauclea,,,,,,
,,Neckia,,,,,,
,,Nelsonia,,,,,,
,,Neltuma,,,,,,
,,Nelumbo,,,,,,
,,Neo-uvaria,,,,,,
,,Neoalsomitra,,,,,,
,,Neocheiropteris,,,,,,
,,Neodistemon,,,,,,
,,Neolamarckia,,,,,,
,,Neolitsea,,,,,,
,,Neololeba,,,,,,
,,Neonauclea,,,,,,
,,Neoscortechinia,,,,,,
,,Nepenthes,,,,,,
,,Nephelaphyllum,,,,,,
,,Nephelium,,,,,,
,,Neptunia,,,,,,
,,Nerium,,,,,,
,,Nertera,,,,,,
,,Nervilia,,,,,,
,,Neuburgia,,,,,,
,,Neustanthus,,,,,,
,,Neuwiedia,,,,,,
,,Nicotiana,,,,,,
,,Norrisia,,,,,,
,,Nothaphoebe,,,,,,
,,Nothapodytes,,,,,,
,,Nothocnide,,,,,,
,,Notothixos,,,,,,
,,Nyctocalos,,,,,,
,,Nymphaea,,,,,,
,,Nymphoides,,,,,,
,,Oberonia,,,,,,
,,Ochna,,,,,,
,,Ochroma,,,,,,
,,Ochrosia,,,,,,
,,Ochthocharis,,,,,,
,,Ocimum,,,,,,
,,Octarrhena,,,,,,
,,Odontochilus,,,,,,
,,Odontonema,,,,,,
,,Oenanthe,,,,,,
,,Oeosporangium,,,,,,
,,Olax,,,,,,
,,Oldenlandia,,,,,,
,,Oldenlandiopsis,,,,,,
,,Oleandra,,,,,,
,,Omoea,,,,,,
,,Omphalea,,,,,,
,,Onychium,,,,,,
,,Operculina,,,,,,
,,Ophiopogon,,,,,,
,,Ophiorrhiza,,,,,,
,,Ophiuros,,,,,,
,,Opilia,,,,,,
,,Oplismenus,,,,,,
,,Opuntia,,,,,,
,,Orchipedum,,,,,,
,,Oreocnide,,,,,,
,,Oreogrammitis,,,,,,
,,Ormocarpum,,,,,,
,,Ormosia,,,,,,
,,Orophea,,,,,,
,,Oroxylum,,,,,,
,,Orthosiphon,,,,,,
,,Oryza,,,,,,
,,Osbeckia,,,,,,
,,Osbornia,,,,,,
,,Osmelia,,,,,,
,,Osmoxylon,,,,,,
,,Osmunda,,,,,,
,,Otanthera,,,,,,
,,Ototropis,,,,,,
,,Ottelia,,,,,,
,,Ottochloa,,,,,,
,,Ouret,,,,,,
,,Oxalis,,,,,,
,,Oxyceros,,,,,,
,,Oxystophyllum,,,,,,
,,Pachira,,,,,,
,,Pachyrhizus,,,,,,
,,Pachystachys,,,,,,
,,Pachystoma,,,,,,
,,Pachystylidium,,,,,,
,,Paederia,,,,,,
,,Paesia,,,,,,
,,Palaquium,,,,,,
,,Palhinhaea,,,,,,
,,Pancratium,,,,,,
,,Pandanus,,,,,,
,,Panicum,,,,,,
,,Papaver,,,,,,
,,Paphiopedilum,,,,,,
,,Papualthia,,,,,,
,,Parabaena,,,,,,
,,Paraboea,,,,,,
,,Paracroton,,,,,,
,,Paragymnopteris,,,,,,
,,Parahellenia,,,,,,
,,Paralasianthus,,,,,,
,,Paramapania,,,,,,
,,Paramignya,,,,,,
,,Paranephelium,,,,,,
,,Paraphlomis,,,,,,
,,Parartocarpus,,,,,,
,,Pararuellia,,,,,,
,,Parashorea,,,,,,
,,Paratrophis,,,,,,
,,Parinari,,,,,,
,,Parishia,,,,,,
,,Parkia,,,,,,
,,Parmentiera,,,,,,
,,Parsonsia,,,,,,
,,Paspalum,,,,,,
,,Passiflora,,,,,,
,,Patersonia,,,,,,
,,Pavetta,,,,,,
,,Payena,,,,,,
,,Pelargonium,,,,,,
,,Pellacalyx,,,,,,
,,Peltophorum,,,,,,
,,Pemphis,,,,,,
,,Pennilabium,,,,,,
,,Peperomia,,,,,,
,,Peracarpa,,,,,,
,,Pereskia,,,,,,
,,Pericampylus,,,,,,
,,Pericopsis,,,,,,
,,Peristylus,,,,,,
,,Perotis,,,,,,
,,Persea,,,,,,
,,Persicaria,,,,,,
,,Petersianthus,,,,,,
,,Petraeovitex,,,,,,
,,Petrea,,,,,,
,,Petrobium,,,,,,
,,Petroselinum,,,,,,
,,Peucedanum,,,,,,
,,Phaeanthus,,,,,,
,,Phalaenopsis,,,,,,
,,Phalaris,,,,,,
,,Phaleria,,,,,,
,,Phanera,,,,,,
,,Phaseolus,,,,,,
,,Phegopteris,,,,,,
,,Philbornea,,,,,,
,,Philodendron,,,,,,
,,Phlegmariurus,,,,,,
,,Phoebe,,,,,,
,,Pholidota,,,,,,
,,Photinia,,,,,,
,,Phragmites,,,,,,
,,Phragmorchis,,,,,,
,,Phreatia,,,,,,
,,Phrynium,,,,,,
,,Phyla,,,,,,
,,Phylacium,,,,,,
,,Phyllocladus,,,,,,
,,Phyllodium,,,,,,
,,Phyllostachys,,,,,,
,,Phymatosorus,,,,,,
,,Physalis,,,,,,
,,Phytocrene,,,,,,
,,Phytolacca,,,,,,
,,Picrasma,,,,,,
,,Pilea,,,,,,
,,Piliostigma,,,,,,
,,Pilophyllum,,,,,,
,,Pimelea,,,,,,
,,Pimelodendron,,,,,,
,,Pimpinella,,,,,,
,,Pinalia,,,,,,
,,Pinus,,,,,,
,,Piper,,,,,,
,,Pipturus,,,,,,
,,Pisonia,,,,,,
,,Pistacia,,,,,,
,,Pistia,,,,,,
,,Pithecellobium,,,,,,
,,Pittosporum,,,,,,
,,Pityrogramma,,,,,,
,,Plagiostachys,,,,,,
,,Planchonella,,,,,,
,,Planchonia,,,,,,
,,Plantago,,,,,,
,,Platanthera,,,,,,
,,Platostoma,,,,,,
,,Platycerium,,,,,,
,,Platymitra,,,,,,
,,Pleiogynium,,,,,,
,,Pleioluma,,,,,,
,,Plenasium,,,,,,
,,Pleocnemia,,,,,,
,,Pleroma,,,,,,
,,Plesioneuron,,,,,,
,,Pleurolobus,,,,,,
,,Pleurostylia,,,,,,
,,Plocoglottis,,,,,,
,,Pluchea,,,,,,
,,Plukenetia,,,,,,
,,Plumbago,,,,,,
,,Plumeria,,,,,,
,,Pneumatopteris,,,,,,
,,Poa,,,,,,
,,Poaephyllum,,,,,,
,,Podocarpus,,,,,,
,,Podochilus,,,,,,
,,Podosorus,,,,,,
,,Podranea,,,,,,
,,Pogonatherum,,,,,,
,,Pogostemon,,,,,,
,,Poikilospermum,,,,,,
,,Polhillides,,,,,,
,,Polianthes,,,,,,
,,Pollia,,,,,,
,,Polyalthia,,,,,,
,,Polycarpaea,,,,,,
,,Polygala,,,,,,
,,Polygonum,,,,,,
,,Polyosma,,,,,,
,,Polyscias,,,,,,
,,Polyspora,,,,,,
,,Polystachya,,,,,,
,,Polystichum,,,,,,
,,Polytoca,,,,,,
,,Polytrias,,,,,,
,,Pomatocalpa,,,,,,
,,Pometia,,,,,,
,,Pongamia,,,,,,
,,Pontederia,,,,,,
,,Popowia,,,,,,
,,Porana,,,,,,
,,Poranopsis,,,,,,
,,Porrorhachis,,,,,,
,,Portulaca,,,,,,
,,Potamogeton,,,,,,
,,Potentilla,,,,,,
,,Pothoidium,,,,,,
,,Pothos,,,,,,
,,Pouteria,,,,,,
,,Pouzolzia,,,,,,
,,Praravinia,,,,,,
,,Prasoxylon,,,,,,
,,Premna,,,,,,
,,Prioria,,,,,,
,,Prismatomeris,,,,,,
,,Priva,,,,,,
,,Procris,,,,,,
,,Proiphys,,,,,,
,,Pronephrium,,,,,,
,,Prosaptia,,,,,,
,,Protium,,,,,,
,,Prunus,,,,,,
,,Psammogeton,,,,,,
,,Pseudarthria,,,,,,
,,Pseudechinolaena,,,,,,
,,Pseudelephantopus,,,,,,
,,Pseuderanthemum,,,,,,
,,Pseuderia,,,,,,
,,Pseudoclausena,,,,,,
,,Pseudocyclosorus,,,,,,
,,Pseudodiphasium,,,,,,
,,Pseudognaphalium,,,,,,
,,Pseudomussaenda,,,,,,
,,Pseudophegopteris,,,,,,
,,Pseudopogonatherum,,,,,,
,,Pseudoraphis,,,,,,
,,Pseudosorghum,,,,,,
,,Pseudostachyum,,,,,,
,,Pseudovanilla,,,,,,
,,Pseuduvaria,,,,,,
,,Psidium,,,,,,
,,Psilotrichum,,,,,,
,,Psophocarpus,,,,,,
,,Psychotria,,,,,,
,,Psydrax,,,,,,
,,Pteridium,,,,,,
,,Pteris,,,,,,
,,Pterocarpus,,,,,,
,,Pterocaulon,,,,,,
,,Pteroceras,,,,,,
,,Pterocymbium,,,,,,
,,Pterolobium,,,,,,
,,Pterophylla,,,,,,
,,Pterygota,,,,,,
,,Ptisana,,,,,,
,,Ptychopyxis,,,,,,
,,Ptyssiglottis,,,,,,
,,Pueraria,,,,,,
,,Punica,,,,,,
,,Pupalia,,,,,,
,,Pycnarrhena,,,,,,
,,Pycnospora,,,,,,
,,Pyracantha,,,,,,
,,Pyramidanthe,,,,,,
,,Pyrenacantha,,,,,,
,,Pyrenaria,,,,,,
,,Pyrostegia,,,,,,
,,Pyrostria,,,,,,
,,Pyrrosia,,,,,,
,,Pyrus,,,,,,
,,Quassia,,,,,,
,,Quercus,,,,,,
,,Racemobambos,,,,,,
,,Radermachera,,,,,,
,,Rafflesia,,,,,,
,,Randia,,,,,,
,,Ranunculus,,,,,,
,,Raphanus,,,,,,
,,Rauvolfia,,,,,,
,,Ravenala,,,,,,
,,Reholttumia,,,,,,
,,Reinwardtiodendron,,,,,,
,,Reissantia,,,,,,
,,Remusatia,,,,,,
,,Renanthera,,,,,,
,,Reutealis,,,,,,
,,Rhamnus,,,,,,
,,Rhaphidophora,,,,,,
,,Rhaphiolepis,,,,,,
,,Rhinacanthus,,,,,,
,,Rhizophora,,,,,,
,,Rhodamnia,,,,,,
,,Rhododendron,,,,,,
,,Rhodomyrtus,,,,,,
,,Rhomboda,,,,,,
,,Rhopalephora,,,,,,
,,Rhus,,,,,,
,,Rhynchoglossum,,,,,,
,,Rhynchosia,,,,,,
,,Rhynchospora,,,,,,
,,Rhynchostylis,,,,,,
,,Rhynchotechum,,,,,,
,,Rhysotoechia,,,,,,
,,Richardia,,,,,,
,,Ricinus,,,,,,
,,Ridsdalea,,,,,,
,,Rigiolepis,,,,,,
,,Rinorea,,,,,,
,,Rivina,,,,,,
,,Robiquetia,,,,,,
,,Rorippa,,,,,,
,,Rosa,,,,,,
,,Rotala,,,,,,
,,Rottboellia,,,,,,
,,Rourea,,,,,,
,,Rubia,,,,,,
,,Rubovietnamia,,,,,,
,,Rubus,,,,,,
,,Ruellia,,,,,,
,,Rumex,,,,,,
,,Rungia,,,,,,
,,Russelia,,,,,,
,,Ruta,,,,,,
,,Rytidosperma,,,,,,
,,Sabdariffa,,,,,,
,,Sabia,,,,,,
,,Saccharum,,,,,,
,,Sacciolepis,,,,,,
,,Saccolabiopsis,,,,,,
,,Sadokum,,,,,,
,,Sageraea,,,,,,
,,Sageretia,,,,,,
,,Sagina,,,,,,
,,Sagittaria,,,,,,
,,Salacia,,,,,,
,,Salacistis,,,,,,
,,Salix,,,,,,
,,Salomonia,,,,,,
,,Salvia,,,,,,
,,Salvinia,,,,,,
,,Samanea,,,,,,
,,Sanchezia,,,,,,
,,Sandoricum,,,,,,
,,Sanicula,,,,,,
,,Santiria,,,,,,
,,Santotomasia,,,,,,
,,Sapindus,,,,,,
,,Saprosma,,,,,,
,,Saraca,,,,,,
,,Sararanga,,,,,,
,,Sarawakodendron,,,,,,
,,Sarcandra,,,,,,
,,Sarcococca,,,,,,
,,Sarcodum,,,,,,
,,Sarcolobus,,,,,,
,,Sarcophyton,,,,,,
,,Sarcopyramis,,,,,,
,,Sarcosperma,,,,,,
,,Sarcostigma,,,,,,
,,Saurauia,,,,,,
,,Saururus,,,,,,
,,Scadoxus,,,,,,
,,Scaevola,,,,,,
,,Scaphochlamys,,,,,,
,,Schenkia,,,,,,
,,Schima,,,,,,
,,Schismatoglottis,,,,,,
,,Schizachyrium,,,,,,
,,Schizaea,,,,,,
,,Schizolobium,,,,,,
,,Schizostachyum,,,,,,
,,Schleinitzia,,,,,,
,,Schoenoplectiella,,,,,,
,,Schoenoplectus,,,,,,
,,Schoenorchis,,,,,,
,,Schoenus,,,,,,
,,Schradera,,,,,,
,,Schuitemania,,,,,,
,,Schuurmansia,,,,,,
,,Scindapsus,,,,,,
,,Scirpodendron,,,,,,
,,Scirpus,,,,,,
,,Scleria,,,,,,
,,Scleroglossum,,,,,,
,,Scleromitrion,,,,,,
,,Scolopia,,,,,,
,,Scoparia,,,,,,
,,Scopellaria,,,,,,
,,Scrotochloa,,,,,,
,,Scurrula,,,,,,
,,Scutellaria,,,,,,
,,Scyphiphora,,,,,,
,,Secamone,,,,,,
,,Sechium,,,,,,
,,Securidaca,,,,,,
,,Sedum,,,,,,
,,Seemannia,,,,,,
,,Sehima,,,,,,
,,Selaginella,,,,,,
,,Selenicereus,,,,,,
,,Selliguea,,,,,,
,,Semecarpus,,,,,,
,,Senecio,,,,,,
,,Senegalia,,,,,,
,,Senna,,,,,,
,,Serianthes,,,,,,
,,Serissa,,,,,,
,,Sersalisia,,,,,,
,,Sesamum,,,,,,
,,Sesbania,,,,,,
,,Sesuvium,,,,,,
,,Setaria,,,,,,
,,Shirakiopsis,,,,,,
,,Shorea,,,,,,
,,Shuteria,,,,,,
,,Sida,,,,,,
,,Sigesbeckia,,,,,,
,,Sindora,,,,,,
,,Siphonodon,,,,,,
,,Sisyrinchium,,,,,,
,,Skimmia,,,,,,
,,Sloanea,,,,,,
,,Sloetia,,,,,,
,,Smilax,,,,,,
,,Smithia,,,,,,
,,Smythea,,,,,,
,,Sohmaea,,,,,,
,,Solanum,,,,,,
,,Solenocarpus,,,,,,
,,Solidago,,,,,,
,,Sonchus,,,,,,
,,Sonerila,,,,,,
,,Sonneratia,,,,,,
,,Sophora,,,,,,
,,Sorghum,,,,,,
,,Spathiostemon,,,,,,
,,Spathiphyllum,,,,,,
,,Spathodea,,,,,,
,,Spathoglottis,,,,,,
,,Spatholobus,,,,,,
,,Spergula,,,,,,
,,Spermacoce,,,,,,
,,Sphaeranthus,,,,,,
,,Sphaerobambos,,,,,,
,,Sphaerocaryum,,,,,,
,,Sphaerocoryne,,,,,,
,,Sphaeromorphaea,,,,,,
,,Sphaeropteris,,,,,,
,,Sphaerostephanos,,,,,,
,,Sphagneticola,,,,,,
,,Spigelia,,,,,,
,,Spinifex,,,,,,
,,Spiranthes,,,,,,
,,Spirodela,,,,,,
,,Spondias,,,,,,
,,Sporobolus,,,,,,
,,Stachytarpheta,,,,,,
,,Stackhousia,,,,,,
,,Stauranthera,,,,,,
,,Staurogyne,,,,,,
,,Stellaria,,,,,,
,,Stemodia,,,,,,
,,Stenochlaena,,,,,,
,,Stenomeris,,,,,,
,,Stenotaphrum,,,,,,
,,Stephania,,,,,,
,,Stephanotis,,,,,,
,,Sterculia,,,,,,
,,Stereochilus,,,,,,
,,Stereosandra,,,,,,
,,Sticherus,,,,,,
,,Stichorkis,,,,,,
,,Stigmaphyllon,,,,,,
,,Stigmatodactylus,,,,,,
,,Stillingia,,,,,,
,,Stixis,,,,,,
,,Stranvaesia,,,,,,
,,Streblosa,,,,,,
,,Streblus,,,,,,
,,Strelitzia,,,,,,
,,Streptocaulon,,,,,,
,,Strobilanthes,,,,,,
,,Strobocalyx,,,,,,
,,Strongyleria,,,,,,
,,Strongylodon,,,,,,
,,Strophanthus,,,,,,
,,Strophioblachia,,,,,,
,,Strophocaulon,,,,,,
,,Struchium,,,,,,
,,Strychnos,,,,,,
,,Stuckenia,,,,,,
,,Stylosanthes,,,,,,
,,Styphelia,,,,,,
,,Styrax,,,,,,
,,Sulettaria,,,,,,
,,Sumbaviopsis,,,,,,
,,Sundacarpus,,,,,,
,,Suregada,,,,,,
,,Suriana,,,,,,
,,Swertia,,,,,,
,,Swietenia,,,,,,
,,Swinglea,,,,,,
,,Swintonia,,,,,,
,,Sympetalandra,,,,,,
,,Symphorema,,,,,,
,,Symplocos,,,,,,
,,Synedrella,,,,,,
,,Syngonium,,,,,,
,,Syngramma,,,,,,
,,Syzygium,,,,,,
,,Tabebuia,,,,,,
,,Tabernaemontana,,,,,,
,,Tacca,,,,,,
,,Tadehagi,,,,,,
,,Taeniophyllum,,,,,,
,,Taenitis,,,,,,
,,Tagetes,,,,,,
,,Tainia,,,,,,
,,Tamarindus,,,,,,
,,Taraxacum,,,,,,
,,Tarenna,,,,,,
,,Tarennoidea,,,,,,
,,Tasmannia,,,,,,
,,Tateishia,,,,,,
,,Taxillus,,,,,,
,,Taxotrophis,,,,,,
,,Taxus,,,,,,
,,Tecoma,,,,,,
,,Tectona,,,,,,
,,Teijsmanniodendron,,,,,,
,,Telmatoblechnum,,,,,,
,,Telosma,,,,,,
,,Tephrosia,,,,,,
,,Teramnus,,,,,,
,,Teratophyllum,,,,,,
,,Terminalia,,,,,,
,,Tetracera,,,,,,
,,Tetractomia,,,,,,
,,Tetradium,,,,,,
,,Tetragonia,,,,,,
,,Tetrapilus,,,,,,
,,Tetrastigma,,,,,,
,,Teucrium,,,,,,
,,Teyleria,,,,,,
,,Thalassia,,,,,,
,,Thalictrum,,,,,,
,,Thaumasianthes,,,,,,
,,Thecostele,,,,,,
,,Thelasis,,,,,,
,,Thelymitra,,,,,,
,,Themeda,,,,,,
,,Thespesia,,,,,,
,,Thladiantha,,,,,,
,,Thottea,,,,,,
,,Thrixspermum,,,,,,
,,Thuarea,,,,,,
,,Thunbergia,,,,,,
,,Thylacopteris,,,,,,
,,Thymus,,,,,,
,,Thyrsacanthus,,,,,,
,,Thysanolaena,,,,,,
,,Thysanotus,,,,,,
,,Ticanto,,,,,,
,,Timonius,,,,,,
,,Tinomiscium,,,,,,
,,Tinospora,,,,,,
,,Tithonia,,,,,,
,,Tomophyllum,,,,,,
,,Toona,,,,,,
,,Toxicodendron,,,,,,
,,Trachelospermum,,,,,,
,,Trachoma,,,,,,
,,Trachymene,,,,,,
,,Trachyspermum,,,,,,
,,Tradescantia,,,,,,
,,Trema,,,,,,
,,Triadica,,,,,,
,,Trianthema,,,,,,
,,Tribulus,,,,,,
,,Tricarpelema,,,,,,
,,Trichodesma,,,,,,
,,Trichoglottis,,,,,,
,,Trichophorum,,,,,,
,,Trichosanthes,,,,,,
,,Trichotosia,,,,,,
,,Tricyrtis,,,,,,
,,Tridax,,,,,,
,,Trifidacanthus,,,,,,
,,Trifolium,,,,,,
,,Trigastrotheca,,,,,,
,,Trigonachras,,,,,,
,,Trigonostemon,,,,,,
,,Trigonotis,,,,,,
,,Triphasia,,,,,,
,,Tripidium,,,,,,
,,Triplaris,,,,,,
,,Tripogon,,,,,,
,,Tripsacum,,,,,,
,,Tripterospermum,,,,,,
,,Tristaniopsis,,,,,,
,,Tristellateia,,,,,,
,,Tristira,,,,,,
,,Tristiropsis,,,,,,
,,Tritaxis,,,,,,
,,Triticum,,,,,,
,,Tropaeolum,,,,,,
,,Tropidia,,,,,,
,,Tuberolabium,,,,,,
,,Tubocapsicum,,,,,,
,,Turnera,,,,,,
,,Turpinia,,,,,,
,,Turraea,,,,,,
,,Typha,,,,,,
,,Typhonium,,,,,,
,,Uncaria,,,,,,
,,Uraria,,,,,,
,,Urceola,,,,,,
,,Urena,,,,,,
,,Urochloa,,,,,,
,,Uromyrtus,,,,,,
,,Urophyllum,,,,,,
,,Urtica,,,,,,
,,Utania,,,,,,
,,Uvaria,,,,,,
,,Vaccinium,,,,,,
,,Vachellia,,,,,,
,,Vaginularia,,,,,,
,,Vallisneria,,,,,,
,,Vanda,,,,,,
,,Vandopsis,,,,,,
,,Vanilla,,,,,,
,,Vanoverberghia,,,,,,
,,Vatica,,,,,,
,,Vavaea,,,,,,
,,Ventilago,,,,,,
,,Verbena,,,,,,
,,Vernonia,,,,,,
,,Veronica,,,,,,
,,Vidalasia,,,,,,
,,Vigna,,,,,,
,,Villaria,,,,,,
,,Vincetoxicum,,,,,,
,,Viola,,,,,,
,,Viscum,,,,,,
,,Vitex,,,,,,
,,Vitis,,,,,,
,,Voacanga,,,,,,
,,Volkameria,,,,,,
,,Vrydagzynea,,,,,,
,,Wahlenbergia,,,,,,
,,Wallaceodendron,,,,,,
,,Walsura,,,,,,
,,Wendlandia,,,,,,
,,Wenzelia,,,,,,
,,Wetria,,,,,,
,,Whitfordiodendron,,,,,,
,,Wikstroemia,,,,,,
,,Willughbeia,,,,,,
,,Wolffia,,,,,,
,,Wollastonia,,,,,,
,,Woodfordia,,,,,,
,,Woodwardia,,,,,,
,,Wrightia,,,,,,
,,Wurfbainia,,,,,,
,,Xanthium,,,,,,
,,Xanthomyrtus,,,,,,
,,Xanthophyllum,,,,,,
,,Xanthophytum,,,,,,
,,Xanthosoma,,,,,,
,,Xanthostemon,,,,,,
,,Xantolis,,,,,,
,,Xenostegia,,,,,,
,,Xerochrysum,,,,,,
,,Xiphidium,,,,,,
,,Xiphopterella,,,,,,
,,Xylocarpus,,,,,,
,,Xylopia,,,,,,
,,Xylosma,,,,,,
,,Xyris,,,,,,
,,Youngia,,,,,,
,,Yushania,,,,,,
,,Zanonia,,,,,,
,,Zantedeschia,,,,,,
,,Zanthoxylum,,,,,,
,,Zapoteca,,,,,,
,,Zea,,,,,,
,,Zehneria,,,,,,
,,Zephyranthes,,,,,,
,,Zeuxine,,,,,,
,,Zingiber,,,,,,
,,Zinnia,,,,,,
,,Zippelia,,,,,,
,,Ziziphus,,,,,,
,,Zornia,,,,,,
,,Zoysia,,,,,,
